English,German,French,Spanish,Bulgarian,Turkish,Portuguese
-0.039999999999999994,1.01,0.08499999999999999,-1.6920000000000002,-0.16499999999999998,0.01,-0.19
-4.554,-4.340000000000001,-3.8649999999999998,-3.7079999999999997,-4.41,-4.36,-4.8
